Workbook

Sheet shell factors calc
A1: Average of Amount | D1: BldgType
A2: Label | B2: Division | C2: Year | D2: 1 Assembly | E2: 2 Education | F2: 3 Food Sales | G2: 4 Food Service | H2: 5 Health Care | I2: 6 Lodging | J2: 7 Office -Large | K2: 8 Office -Small | L2: 9 Merc/Service | M2: 10 Warehouse | N2: 11 Other | O2: 1 | P2: 2 | Q2: 3 | R2: 4 | S2: 5 | T2: 6 | U2: 7 | V2: 8 | W2: 9 | X2: 10 | Y2: 11 | Z2: Combined
A3: CoolingFacNew | B3: 1 New England | C3: 2019 | D3: 0.799148 | E3: 0.747148 | F3: 0.875668 | G3: 0.532359 | H3: 0.96375 | I3: 0.755244 | J3: 0.728147 | K3: 0.907923 | L3: 0.818779 | M3: 0.732081 | N3: 0.749503 | O3: =VLOOKUP($B3,floorspace!$B$4:$O$12,'shell factors calc'!O$2+1,FALSE) -> 493.03372 | P3: =VLOOKUP($B3,floorspace!$B$4:$O$12,'shell factors calc'!P$2+1,FALSE) -> 613.3634 | Q3: =VLOOKUP($B3,floorspace!$B$4:$O$12,'shell factors calc'!Q$2+1,FALSE) -> 83.332573 | R3: =VLOOKUP($B3,floorspace!$B$4:$O$12,'shell factors calc'!R$2+1,FALSE) -> 59.808208 | S3: =VLOOKUP($B3,floorspace!$B$4:$O$12,'shell factors calc'!S$2+1,FALSE) -> 89.040115 | T3: =VLOOKUP($B3,floorspace!$B$4:$O$12,'shell factors calc'!T$2+1,FALSE) -> 316.81848 | U3: =VLOOKUP($B3,floorspace!$B$4:$O$12,'shell factors calc'!U$2+1,FALSE) -> 318.18735 | V3: =VLOOKUP($B3,floorspace!$B$4:$O$12,'shell factors calc'!V$2+1,FALSE) -> 237.53893 | ... Y3: =VLOOKUP($B3,floorspace!$B$4:$O$12,'shell factors calc'!Y$2+1,FALSE) -> 364.49435 | Z3: =SUMPRODUCT(D3:N3,O3:Y3)/SUM(O3:Y3) -> 0.77931827
A4: CoolingFacNew | B4: 1 New England | C4: 2020 | D4: 0.79473 | E4: 0.74149 | F4: 0.86669 | G4: 0.52262 | H4: 0.96278 | I4: 0.74847 | J4: 0.72128 | K4: 0.90596 | L4: 0.81457 | M4: 0.7454 | N4: 0.74383 | O4: =VLOOKUP($B4,floorspace!$B$4:$O$12,'shell factors calc'!O$2+1,FALSE) -> 493.03372 | P4: =VLOOKUP($B4,floorspace!$B$4:$O$12,'shell factors calc'!P$2+1,FALSE) -> 613.3634 | Q4: =VLOOKUP($B4,floorspace!$B$4:$O$12,'shell factors calc'!Q$2+1,FALSE) -> 83.332573 | R4: =VLOOKUP($B4,floorspace!$B$4:$O$12,'shell factors calc'!R$2+1,FALSE) -> 59.808208 | S4: =VLOOKUP($B4,floorspace!$B$4:$O$12,'shell factors calc'!S$2+1,FALSE) -> 89.040115 | T4: =VLOOKUP($B4,floorspace!$B$4:$O$12,'shell factors calc'!T$2+1,FALSE) -> 316.81848 | U4: =VLOOKUP($B4,floorspace!$B$4:$O$12,'shell factors calc'!U$2+1,FALSE) -> 318.18735 | V4: =VLOOKUP($B4,floorspace!$B$4:$O$12,'shell factors calc'!V$2+1,FALSE) -> 237.53893 | ... Y4: =VLOOKUP($B4,floorspace!$B$4:$O$12,'shell factors calc'!Y$2+1,FALSE) -> 364.49435 | Z4: =SUMPRODUCT(D4:N4,O4:Y4)/SUM(O4:Y4) -> 0.77645963
A5: CoolingFacNew | B5: 1 New England | C5: 2021 | D5: 0.790196 | E5: 0.73562 | F5: 0.859103 | G5: 0.511876 | H5: 0.961808 | I5: 0.741393 | J5: 0.714087 | K5: 0.903982 | L5: 0.810264 | M5: 0.757616 | N5: 0.737945 | O5: =VLOOKUP($B5,floorspace!$B$4:$O$12,'shell factors calc'!O$2+1,FALSE) -> 493.03372 | P5: =VLOOKUP($B5,floorspace!$B$4:$O$12,'shell factors calc'!P$2+1,FALSE) -> 613.3634 | Q5: =VLOOKUP($B5,floorspace!$B$4:$O$12,'shell factors calc'!Q$2+1,FALSE) -> 83.332573 | R5: =VLOOKUP($B5,floorspace!$B$4:$O$12,'shell factors calc'!R$2+1,FALSE) -> 59.808208 | S5: =VLOOKUP($B5,floorspace!$B$4:$O$12,'shell factors calc'!S$2+1,FALSE) -> 89.040115 | T5: =VLOOKUP($B5,floorspace!$B$4:$O$12,'shell factors calc'!T$2+1,FALSE) -> 316.81848 | U5: =VLOOKUP($B5,floorspace!$B$4:$O$12,'shell factors calc'!U$2+1,FALSE) -> 318.18735 | V5: =VLOOKUP($B5,floorspace!$B$4:$O$12,'shell factors calc'!V$2+1,FALSE) -> 237.53893 | ... Y5: =VLOOKUP($B5,floorspace!$B$4:$O$12,'shell factors calc'!Y$2+1,FALSE) -> 364.49435 | Z5: =SUMPRODUCT(D5:N5,O5:Y5)/SUM(O5:Y5) -> 0.77333478
A6: CoolingFacNew | B6: 1 New England | C6: 2022 | D6: 0.785689 | E6: 0.729797 | F6: 0.851582 | G6: 0.501352 | H6: 0.960836 | I6: 0.734384 | J6: 0.706965 | K6: 0.902008 | L6: 0.805981 | M6: 0.770033 | N6: 0.732106 | O6: =VLOOKUP($B6,floorspace!$B$4:$O$12,'shell factors calc'!O$2+1,FALSE) -> 493.03372 | P6: =VLOOKUP($B6,floorspace!$B$4:$O$12,'shell factors calc'!P$2+1,FALSE) -> 613.3634 | Q6: =VLOOKUP($B6,floorspace!$B$4:$O$12,'shell factors calc'!Q$2+1,FALSE) -> 83.332573 | R6: =VLOOKUP($B6,floorspace!$B$4:$O$12,'shell factors calc'!R$2+1,FALSE) -> 59.808208 | S6: =VLOOKUP($B6,floorspace!$B$4:$O$12,'shell factors calc'!S$2+1,FALSE) -> 89.040115 | T6: =VLOOKUP($B6,floorspace!$B$4:$O$12,'shell factors calc'!T$2+1,FALSE) -> 316.81848 | U6: =VLOOKUP($B6,floorspace!$B$4:$O$12,'shell factors calc'!U$2+1,FALSE) -> 318.18735 | V6: =VLOOKUP($B6,floorspace!$B$4:$O$12,'shell factors calc'!V$2+1,FALSE) -> 237.53893 | ... Y6: =VLOOKUP($B6,floorspace!$B$4:$O$12,'shell factors calc'!Y$2+1,FALSE) -> 364.49435 | Z6: =SUMPRODUCT(D6:N6,O6:Y6)/SUM(O6:Y6) -> 0.77027224
A7: CoolingFacNew | B7: 1 New England | C7: 2023 | D7: 0.781206 | E7: 0.72402 | F7: 0.844128 | G7: 0.491045 | H7: 0.959866 | I7: 0.72744 | J7: 0.699914 | K7: 0.900038 | L7: 0.80172 | M7: 0.782653 | N7: 0.726314 | O7: =VLOOKUP($B7,floorspace!$B$4:$O$12,'shell factors calc'!O$2+1,FALSE) -> 493.03372 | P7: =VLOOKUP($B7,floorspace!$B$4:$O$12,'shell factors calc'!P$2+1,FALSE) -> 613.3634 | Q7: =VLOOKUP($B7,floorspace!$B$4:$O$12,'shell factors calc'!Q$2+1,FALSE) -> 83.332573 | R7: =VLOOKUP($B7,floorspace!$B$4:$O$12,'shell factors calc'!R$2+1,FALSE) -> 59.808208 | S7: =VLOOKUP($B7,floorspace!$B$4:$O$12,'shell factors calc'!S$2+1,FALSE) -> 89.040115 | T7: =VLOOKUP($B7,floorspace!$B$4:$O$12,'shell factors calc'!T$2+1,FALSE) -> 316.81848 | U7: =VLOOKUP($B7,floorspace!$B$4:$O$12,'shell factors calc'!U$2+1,FALSE) -> 318.18735 | V7: =VLOOKUP($B7,floorspace!$B$4:$O$12,'shell factors calc'!V$2+1,FALSE) -> 237.53893 | ... Y7: =VLOOKUP($B7,floorspace!$B$4:$O$12,'shell factors calc'!Y$2+1,FALSE) -> 364.49435 | Z7: =SUMPRODUCT(D7:N7,O7:Y7)/SUM(O7:Y7) -> 0.76727137
A8: CoolingFacNew | B8: 1 New England | C8: 2024 | D8: 0.77675 | E8: 0.718288 | F8: 0.836738 | G8: 0.48095 | H8: 0.958896 | I8: 0.720562 | J8: 0.692934 | K8: 0.898073 | L8: 0.797482 | M8: 0.79548 | N8: 0.720567 | O8: =VLOOKUP($B8,floorspace!$B$4:$O$12,'shell factors calc'!O$2+1,FALSE) -> 493.03372 | P8: =VLOOKUP($B8,floorspace!$B$4:$O$12,'shell factors calc'!P$2+1,FALSE) -> 613.3634 | Q8: =VLOOKUP($B8,floorspace!$B$4:$O$12,'shell factors calc'!Q$2+1,FALSE) -> 83.332573 | R8: =VLOOKUP($B8,floorspace!$B$4:$O$12,'shell factors calc'!R$2+1,FALSE) -> 59.808208 | S8: =VLOOKUP($B8,floorspace!$B$4:$O$12,'shell factors calc'!S$2+1,FALSE) -> 89.040115 | T8: =VLOOKUP($B8,floorspace!$B$4:$O$12,'shell factors calc'!T$2+1,FALSE) -> 316.81848 | U8: =VLOOKUP($B8,floorspace!$B$4:$O$12,'shell factors calc'!U$2+1,FALSE) -> 318.18735 | V8: =VLOOKUP($B8,floorspace!$B$4:$O$12,'shell factors calc'!V$2+1,FALSE) -> 237.53893 | ... Y8: =VLOOKUP($B8,floorspace!$B$4:$O$12,'shell factors calc'!Y$2+1,FALSE) -> 364.49435 | Z8: =SUMPRODUCT(D8:N8,O8:Y8)/SUM(O8:Y8) -> 0.76433284
A9: CoolingFacNew | B9: 1 New England | C9: 2025 | D9: 0.772319 | E9: 0.712602 | F9: 0.829413 | G9: 0.471062 | H9: 0.957928 | I9: 0.71375 | J9: 0.686023 | K9: 0.896111 | L9: 0.793266 | M9: 0.808518 | N9: 0.714866 | O9: =VLOOKUP($B9,floorspace!$B$4:$O$12,'shell factors calc'!O$2+1,FALSE) -> 493.03372 | P9: =VLOOKUP($B9,floorspace!$B$4:$O$12,'shell factors calc'!P$2+1,FALSE) -> 613.3634 | Q9: =VLOOKUP($B9,floorspace!$B$4:$O$12,'shell factors calc'!Q$2+1,FALSE) -> 83.332573 | R9: =VLOOKUP($B9,floorspace!$B$4:$O$12,'shell factors calc'!R$2+1,FALSE) -> 59.808208 | S9: =VLOOKUP($B9,floorspace!$B$4:$O$12,'shell factors calc'!S$2+1,FALSE) -> 89.040115 | T9: =VLOOKUP($B9,floorspace!$B$4:$O$12,'shell factors calc'!T$2+1,FALSE) -> 316.81848 | U9: =VLOOKUP($B9,floorspace!$B$4:$O$12,'shell factors calc'!U$2+1,FALSE) -> 318.18735 | V9: =VLOOKUP($B9,floorspace!$B$4:$O$12,'shell factors calc'!V$2+1,FALSE) -> 237.53893 | ... Y9: =VLOOKUP($B9,floorspace!$B$4:$O$12,'shell factors calc'!Y$2+1,FALSE) -> 364.49435 | Z9: =SUMPRODUCT(D9:N9,O9:Y9)/SUM(O9:Y9) -> 0.76145666
A10: CoolingFacNew | B10: 1 New England | C10: 2026 | D10: 0.767913 | E10: 0.706961 | F10: 0.822153 | G10: 0.461377 | H10: 0.95696 | I10: 0.707001 | J10: 0.679181 | K10: 0.894155 | L10: 0.789073 | M10: 0.821768 | N10: 0.70921 | O10: =VLOOKUP($B10,floorspace!$B$4:$O$12,'shell factors calc'!O$2+1,FALSE) -> 493.03372 | P10: =VLOOKUP($B10,floorspace!$B$4:$O$12,'shell factors calc'!P$2+1,FALSE) -> 613.3634 | Q10: =VLOOKUP($B10,floorspace!$B$4:$O$12,'shell factors calc'!Q$2+1,FALSE) -> 83.332573 | R10: =VLOOKUP($B10,floorspace!$B$4:$O$12,'shell factors calc'!R$2+1,FALSE) -> 59.808208 | S10: =VLOOKUP($B10,floorspace!$B$4:$O$12,'shell factors calc'!S$2+1,FALSE) -> 89.040115 | T10: =VLOOKUP($B10,floorspace!$B$4:$O$12,'shell factors calc'!T$2+1,FALSE) -> 316.81848 | U10: =VLOOKUP($B10,floorspace!$B$4:$O$12,'shell factors calc'!U$2+1,FALSE) -> 318.18735 | V10: =VLOOKUP($B10,floorspace!$B$4:$O$12,'shell factors calc'!V$2+1,FALSE) -> 237.53893 | ... Y10: =VLOOKUP($B10,floorspace!$B$4:$O$12,'shell factors calc'!Y$2+1,FALSE) -> 364.49435 | Z10: =SUMPRODUCT(D10:N10,O10:Y10)/SUM(O10:Y10) -> 0.75864269
A11: CoolingFacNew | B11: 1 New England | C11: 2027 | D11: 0.763532 | E11: 0.701365 | F11: 0.814955 | G11: 0.451892 | H11: 0.955994 | I11: 0.700317 | J11: 0.672408 | K11: 0.892202 | L11: 0.784902 | M11: 0.835236 | N11: 0.703599 | O11: =VLOOKUP($B11,floorspace!$B$4:$O$12,'shell factors calc'!O$2+1,FALSE) -> 493.03372 | P11: =VLOOKUP($B11,floorspace!$B$4:$O$12,'shell factors calc'!P$2+1,FALSE) -> 613.3634 | Q11: =VLOOKUP($B11,floorspace!$B$4:$O$12,'shell factors calc'!Q$2+1,FALSE) -> 83.332573 | R11: =VLOOKUP($B11,floorspace!$B$4:$O$12,'shell factors calc'!R$2+1,FALSE) -> 59.808208 | S11: =VLOOKUP($B11,floorspace!$B$4:$O$12,'shell factors calc'!S$2+1,FALSE) -> 89.040115 | T11: =VLOOKUP($B11,floorspace!$B$4:$O$12,'shell factors calc'!T$2+1,FALSE) -> 316.81848 | U11: =VLOOKUP($B11,floorspace!$B$4:$O$12,'shell factors calc'!U$2+1,FALSE) -> 318.18735 | V11: =VLOOKUP($B11,floorspace!$B$4:$O$12,'shell factors calc'!V$2+1,FALSE) -> 237.53893 | ... Y11: =VLOOKUP($B11,floorspace!$B$4:$O$12,'shell factors calc'!Y$2+1,FALSE) -> 364.49435 | Z11: =SUMPRODUCT(D11:N11,O11:Y11)/SUM(O11:Y11) -> 0.75589141
A12: CoolingFacNew | B12: 1 New England | C12: 2028 | D12: 0.759177 | E12: 0.695813 | F12: 0.807821 | G12: 0.442602 | H12: 0.955028 | I12: 0.693695 | J12: 0.665702 | K12: 0.890254 | L12: 0.780753 | M12: 0.848925 | N12: 0.698032 | O12: =VLOOKUP($B12,floorspace!$B$4:$O$12,'shell factors calc'!O$2+1,FALSE) -> 493.03372 | P12: =VLOOKUP($B12,floorspace!$B$4:$O$12,'shell factors calc'!P$2+1,FALSE) -> 613.3634 | Q12: =VLOOKUP($B12,floorspace!$B$4:$O$12,'shell factors calc'!Q$2+1,FALSE) -> 83.332573 | R12: =VLOOKUP($B12,floorspace!$B$4:$O$12,'shell factors calc'!R$2+1,FALSE) -> 59.808208 | S12: =VLOOKUP($B12,floorspace!$B$4:$O$12,'shell factors calc'!S$2+1,FALSE) -> 89.040115 | T12: =VLOOKUP($B12,floorspace!$B$4:$O$12,'shell factors calc'!T$2+1,FALSE) -> 316.81848 | U12: =VLOOKUP($B12,floorspace!$B$4:$O$12,'shell factors calc'!U$2+1,FALSE) -> 318.18735 | V12: =VLOOKUP($B12,floorspace!$B$4:$O$12,'shell factors calc'!V$2+1,FALSE) -> 237.53893 | ... Y12: =VLOOKUP($B12,floorspace!$B$4:$O$12,'shell factors calc'!Y$2+1,FALSE) -> 364.49435 | Z12: =SUMPRODUCT(D12:N12,O12:Y12)/SUM(O12:Y12) -> 0.75320269
A13: CoolingFacNew | B13: 1 New England | C13: 2029 | D13: 0.754846 | E13: 0.690305 | F13: 0.80075 | G13: 0.433502 | H13: 0.954064 | I13: 0.687137 | J13: 0.659063 | K13: 0.88831 | L13: 0.776625 | M13: 0.862839 | N13: 0.692509 | O13: =VLOOKUP($B13,floorspace!$B$4:$O$12,'shell factors calc'!O$2+1,FALSE) -> 493.03372 | P13: =VLOOKUP($B13,floorspace!$B$4:$O$12,'shell factors calc'!P$2+1,FALSE) -> 613.3634 | Q13: =VLOOKUP($B13,floorspace!$B$4:$O$12,'shell factors calc'!Q$2+1,FALSE) -> 83.332573 | R13: =VLOOKUP($B13,floorspace!$B$4:$O$12,'shell factors calc'!R$2+1,FALSE) -> 59.808208 | S13: =VLOOKUP($B13,floorspace!$B$4:$O$12,'shell factors calc'!S$2+1,FALSE) -> 89.040115 | T13: =VLOOKUP($B13,floorspace!$B$4:$O$12,'shell factors calc'!T$2+1,FALSE) -> 316.81848 | U13: =VLOOKUP($B13,floorspace!$B$4:$O$12,'shell factors calc'!U$2+1,FALSE) -> 318.18735 | V13: =VLOOKUP($B13,floorspace!$B$4:$O$12,'shell factors calc'!V$2+1,FALSE) -> 237.53893 | ... Y13: =VLOOKUP($B13,floorspace!$B$4:$O$12,'shell factors calc'!Y$2+1,FALSE) -> 364.49435 | Z13: =SUMPRODUCT(D13:N13,O13:Y13)/SUM(O13:Y13) -> 0.75057661
A14: CoolingFacNew | B14: 1 New England | C14: 2030 | D14: 0.75054 | E14: 0.68484 | F14: 0.79374 | G14: 0.42459 | H14: 0.9531 | I14: 0.68064 | J14: 0.65249 | K14: 0.88637 | L14: 0.77252 | M14: 0.87698 | N14: 0.68703 | O14: =VLOOKUP($B14,floorspace!$B$4:$O$12,'shell factors calc'!O$2+1,FALSE) -> 493.03372 | P14: =VLOOKUP($B14,floorspace!$B$4:$O$12,'shell factors calc'!P$2+1,FALSE) -> 613.3634 | Q14: =VLOOKUP($B14,floorspace!$B$4:$O$12,'shell factors calc'!Q$2+1,FALSE) -> 83.332573 | R14: =VLOOKUP($B14,floorspace!$B$4:$O$12,'shell factors calc'!R$2+1,FALSE) -> 59.808208 | S14: =VLOOKUP($B14,floorspace!$B$4:$O$12,'shell factors calc'!S$2+1,FALSE) -> 89.040115 | T14: =VLOOKUP($B14,floorspace!$B$4:$O$12,'shell factors calc'!T$2+1,FALSE) -> 316.81848 | U14: =VLOOKUP($B14,floorspace!$B$4:$O$12,'shell factors calc'!U$2+1,FALSE) -> 318.18735 | V14: =VLOOKUP($B14,floorspace!$B$4:$O$12,'shell factors calc'!V$2+1,FALSE) -> 237.53893 | ... Y14: =VLOOKUP($B14,floorspace!$B$4:$O$12,'shell factors calc'!Y$2+1,FALSE) -> 364.49435 | Z14: =SUMPRODUCT(D14:N14,O14:Y14)/SUM(O14:Y14) -> 0.7480133
... A578: HeatingFacNew | B578: 9 Pacific | C578: 2050 | D578: 0.33869 | E578: 0.33001 | F578: 0.72938 | G578: 0.6926 | H578: 0.51624 | I578: 0.5246 | J578: 0.44924 | K578: 0.46393 | L578: 0.3022 | M578: 0.50485 | N578: 0.43067 | O578: =VLOOKUP($B578,floorspace!$B$4:$O$12,'shell factors calc'!O$2+1,FALSE) -> 1426.4874 | P578: =VLOOKUP($B578,floorspace!$B$4:$O$12,'shell factors calc'!P$2+1,FALSE) -> 1360.7665 | Q578: =VLOOKUP($B578,floorspace!$B$4:$O$12,'shell factors calc'!Q$2+1,FALSE) -> 115.4837 | R578: =VLOOKUP($B578,floorspace!$B$4:$O$12,'shell factors calc'!R$2+1,FALSE) -> 190.85376 | S578: =VLOOKUP($B578,floorspace!$B$4:$O$12,'shell factors calc'!S$2+1,FALSE) -> 325.72095 | T578: =VLOOKUP($B578,floorspace!$B$4:$O$12,'shell factors calc'!T$2+1,FALSE) -> 885.83789 | U578: =VLOOKUP($B578,floorspace!$B$4:$O$12,'shell factors calc'!U$2+1,FALSE) -> 1391.6862 | V578: =VLOOKUP($B578,floorspace!$B$4:$O$12,'shell factors calc'!V$2+1,FALSE) -> 952.37109 | ... Y578: =VLOOKUP($B578,floorspace!$B$4:$O$12,'shell factors calc'!Y$2+1,FALSE) -> 529.23895 | Z578: =SUMPRODUCT(D578:N578,O578:Y578)/SUM(O578:Y578) -> 0.42847988

Sheet floorspace
A1: Average of Amount | C1: Label | D1: BldgType
C2: SurvFloorTotal | D2: SurvFloorTotal | E2: SurvFloorTotal | F2: SurvFloorTotal | G2: SurvFloorTotal | H2: SurvFloorTotal | I2: SurvFloorTotal | J2: SurvFloorTotal | K2: SurvFloorTotal | L2: SurvFloorTotal | M2: SurvFloorTotal | N2: SurvFloorTotal Total | O2: Grand Total
A3: Year | B3: Division | C3: 1 Assembly | D3: 2 Education | E3: 3 Food Sales | F3: 4 Food Service | G3: 5 Health Care | H3: 6 Lodging | I3: 7 Office -Large | J3: 8 Office -Small | K3: 9 Merc/Service | L3: 10 Warehouse | M3: 11 Other
A4: 2019 | B4: 1 New England | C4: 493.03372 | D4: 613.3634 | E4: 83.332573 | F4: 59.808208 | G4: 89.040115 | H4: 316.81848 | I4: 318.18735 | J4: 237.53893 | K4: 666.73236 | L4: 461.64859 | M4: 364.49435 | N4: 336.7271 | O4: 336.7271
A5: 2019 | B5: 2 Middle Atlantic | C5: 1185.1273 | D5: 1901.635 | E5: 53.974445 | F5: 76.057404 | G5: 260.10996 | H5: 871.65143 | I5: 2019.438 | J5: 962.05139 | K5: 1967.0769 | L5: 1929.1834 | M5: 816.88464 | N5: 1094.8354 | O5: 1094.8354
A6: 2019 | B6: 3 East North Central | C6: 2310.1414 | D6: 2408.3359 | E6: 276.88534 | F6: 212.81033 | G6: 561.85346 | H6: 1051.8209 | I6: 1563.5035 | J6: 1452.9337 | K6: 3021.5776 | L6: 3411.5916 | M6: 941.76892 | N6: 1564.8384 | O6: 1564.8384
A7: 2019 | B7: 4 West North Central | C7: 976.43579 | D7: 1383.6554 | E7: 120.23112 | F7: 62.26897 | G7: 136.81398 | H7: 578.51654 | I7: 696.5033 | J7: 787.38818 | K7: 1768.7573 | L7: 1364.5728 | M7: 479.19305 | N7: 759.48513 | O7: 759.48513
A8: 2019 | B8: 5 South Atlantic | C8: 2861.7131 | D8: 2312.7942 | E8: 83.223969 | F8: 256.68893 | G8: 374.32568 | H8: 1280.0286 | I8: 2275.9668 | J8: 1147.5775 | K8: 2893.2617 | L8: 3003.1875 | M8: 1165.4536 | N8: 1604.9292 | O8: 1604.9292
A9: 2019 | B9: 6 East South Central | C9: 781.29706 | D9: 810.63123 | E9: 37.654308 | F9: 106.84911 | G9: 112.30965 | H9: 321.35846 | I9: 292.84985 | J9: 365.47903 | K9: 999.54614 | L9: 1249.8131 | M9: 265.97723 | N9: 485.79684 | O9: 485.79684
A10: 2019 | B10: 7 West South Central | C10: 1465.1141 | D10: 1778.1881 | E10: 124.16265 | F10: 190.44966 | G10: 228.06593 | H10: 751.99402 | I10: 984.05579 | J10: 1016.4625 | K10: 2180.8425 | L10: 2050.6289 | M10: 628.40942 | N10: 1036.2158 | O10: 1036.2158
A11: 2019 | B11: 8 Mountain | C11: 909.66034 | D11: 881.97394 | E11: 94.492218 | F11: 206.62241 | G11: 171.987 | H11: 684.67664 | I11: 875.10883 | J11: 703.37531 | K11: 1558.8479 | L11: 1048.3611 | M11: 336.39017 | N11: 679.22689 | O11: 679.22689
A12: 2019 | B12: 9 Pacific | C12: 1426.4874 | D12: 1360.7665 | E12: 115.4837 | F12: 190.85376 | G12: 325.72095 | H12: 885.83789 | I12: 1391.6862 | J12: 952.37109 | K12: 1766.4886 | L12: 2912.7725 | M12: 529.23895 | N12: 1077.9734 | O12: 1077.9734
A13: 2019 Total | C13: 1378.7789 | D13: 1494.5937 | E13: 109.93781 | F13: 151.37875 | G13: 251.1363 | H13: 749.18922 | I13: 1157.4777 | J13: 847.24197 | K13: 1869.2368 | L13: 1936.8621 | M13: 614.20115 | N13: 960.00314 | O13: 960.00314

Sheet export to csv
A1: Type | B1: Division | C1: Year | D1: Value (1=2018 stock)
A2: Cooling | B2: 1 New England | C2: 2019 | D2: 0.77931827
A3: Cooling | B3: 1 New England | C3: 2020 | D3: 0.77645963
A4: Cooling | B4: 1 New England | C4: 2021 | D4: 0.77333478
A5: Cooling | B5: 1 New England | C5: 2022 | D5: 0.77027224
A6: Cooling | B6: 1 New England | C6: 2023 | D6: 0.76727137
A7: Cooling | B7: 1 New England | C7: 2024 | D7: 0.76433284
A8: Cooling | B8: 1 New England | C8: 2025 | D8: 0.76145666
A9: Cooling | B9: 1 New England | C9: 2026 | D9: 0.75864269
A10: Cooling | B10: 1 New England | C10: 2027 | D10: 0.75589141
A11: Cooling | B11: 1 New England | C11: 2028 | D11: 0.75320269
A12: Cooling | B12: 1 New England | C12: 2029 | D12: 0.75057661
A13: Cooling | B13: 1 New England | C13: 2030 | D13: 0.7480133
... A577: Heating | B577: 9 Pacific | C577: 2050 | D577: 0.42847988
